<?xml version="1.0" encoding="UTF-8"?>
<project-private xmlns="http://www.netbeans.org/ns/project-private/1">
    <editor-bookmarks xmlns="http://www.netbeans.org/ns/editor-bookmarks/2" lastBookmarkId="0"/>
    <open-files xmlns="http://www.netbeans.org/ns/projectui-open-files/2">
        <group>
            <file>file:/C:/Users/931701772/Desktop/SnoopyGame-Code-de-Bastien/src/snoopy/game/Pages/homepage/Button.java</file>
            <file>file:/C:/Users/931701772/Desktop/SnoopyGame-Code-de-Bastien/src/snoopy/game/Pages/gamepage/Movement.java</file>
            <file>file:/C:/Users/931701772/Desktop/SnoopyGame-Code-de-Bastien/src/snoopy/game/MatrixMaker.java</file>
            <file>file:/C:/Users/931701772/Desktop/SnoopyGame-Code-de-Bastien/src/snoopy/game/Pages/gamepage/Snoopy.java</file>
            <file>file:/C:/Users/931701772/Desktop/SnoopyGame-Code-de-Bastien/src/snoopy/game/FileReaderProject.java</file>
            <file>file:/C:/Users/931701772/Desktop/SnoopyGame-Code-de-Bastien/src/snoopy/game/Pages/gamepage/Stage.java</file>
            <file>file:/C:/Users/931701772/Desktop/SnoopyGame-Code-de-Bastien/src/snoopy/game/Page.java</file>
            <file>file:/C:/Users/931701772/Desktop/SnoopyGame-Code-de-Bastien/src/snoopy/game/Window.java</file>
            <file>file:/C:/Users/931701772/Desktop/SnoopyGame-Code-de-Bastien/src/snoopy/game/Pages/gamepage/FileReaderProject.java</file>
            <file>file:/C:/Users/931701772/Desktop/SnoopyGame-Code-de-Bastien/src/snoopy/game/SnoopyGame.java</file>
            <file>file:/C:/Users/931701772/Desktop/SnoopyGame-Code-de-Bastien/src/snoopy/game/MyInterface.java</file>
            <file>file:/C:/Users/931701772/Desktop/SnoopyGame-Code-de-Bastien/src/snoopy/game/Pages/gamepage/GamePage.java</file>
            <file>file:/C:/Users/931701772/Desktop/SnoopyGame-Code-de-Bastien/src/snoopy/game/Pages/homepage/HomePage.java</file>
        </group>
    </open-files>
</project-private>
