<?xml version="1.0" encoding="UTF-8"?>
<project-private xmlns="http://www.netbeans.org/ns/project-private/1">
    <editor-bookmarks xmlns="http://www.netbeans.org/ns/editor-bookmarks/2" lastBookmarkId="0"/>
    <open-files xmlns="http://www.netbeans.org/ns/projectui-open-files/2">
        <group>
            <file>file:/C:/Users/33781/Documents/ECE%20doc/Snoopy%20Game/proto/MenuProto/src/menuproto/Window.java</file>
            <file>file:/C:/Users/33781/Documents/ECE%20doc/Snoopy%20Game/proto/MenuProto/src/menuproto/Button.java</file>
            <file>file:/C:/Users/33781/Documents/ECE%20doc/Snoopy%20Game/proto/MenuProto/src/menuproto/MenuProto.java</file>
        </group>
    </open-files>
</project-private>
