<?xml version="1.0" encoding="UTF-8"?>
<project-private xmlns="http://www.netbeans.org/ns/project-private/1">
    <editor-bookmarks xmlns="http://www.netbeans.org/ns/editor-bookmarks/2" lastBookmarkId="0"/>
    <open-files xmlns="http://www.netbeans.org/ns/projectui-open-files/2">
        <group>
            <file>file:/C:/Users/33781/Documents/ECE%20doc/Snoopy%20Game/src/snoopy/game/Pages/gamepage/MatrixMaker.java</file>
            <file>file:/C:/Users/33781/Documents/ECE%20doc/Snoopy%20Game/src/snoopy/game/Pages/gamepage/Stage.java</file>
            <file>file:/C:/Users/33781/Documents/ECE%20doc/Snoopy%20Game/src/snoopy/game/Pages/RegisterScore/RegisterScore.java</file>
            <file>file:/C:/Users/33781/Documents/ECE%20doc/Snoopy%20Game/src/snoopy/game/Pages/scorepage/ScorePage.java</file>
            <file>file:/C:/Users/33781/Documents/ECE%20doc/Snoopy%20Game/src/snoopy/game/Pages/gamepage/FileReaderProject.java</file>
            <file>file:/C:/Users/33781/Documents/ECE%20doc/Snoopy%20Game/src/snoopy/game/Window.java</file>
            <file>file:/C:/Users/33781/Documents/ECE%20doc/Snoopy%20Game/src/snoopy/game/Pages/gamepage/GamePage.java</file>
            <file>file:/C:/Users/33781/Documents/ECE%20doc/Snoopy%20Game/src/snoopy/game/Pages/homepage/HomePage.java</file>
            <file>file:/C:/Users/33781/Documents/ECE%20doc/Snoopy%20Game/src/snoopy/game/Page.java</file>
        </group>
    </open-files>
</project-private>
